Date,Sale-Price,ZHVI-All home,ZHVI2,ZHVI3,ZHIV4,ZHIV5,Sale Count,ZHVI-Condo,ZHVI-SF,ZHIV-1B,ZHIV-2B,ZHIV-3B,ZHIV-4B,ZHIV-5B,MHVPS,MHVPS2,MHVPS3,MHVPS4,MHVPS5,BSI,MSInventory,ZRI,SLR,Days,Unemployment,LI,FMR30
2009-01,243200,365000,133225,48627.125,1774890.063,647.8348728,36504,337300,370700,248100,304500,347000,444000,602700,237,56169,13312.053,315495.6561,74.7724705,,,,,,9.7,-3.62,5.1
2009-02,236800,360100,129672.01,46694.8908,1681483.018,605.5020347,39370,334300,365400,243900,299500,341800,438800,597600,234,54756,12812.904,299821.9536,70.15833714,,,,,,10.1,-2.93,5.07
2009-03,227800,354600,125741.16,44587.81534,1581083.932,560.6523622,38933,330700,359500,239400,293900,336100,433000,591500,230,52900,12167,279841,64.36343,,,,,,10.5,-2.51,4.85
2009-04,221000,348600,121521.96,42362.55526,1476758.676,514.7980745,36867,326800,353200,234900,288000,330000,426700,584400,225,50625,11390.625,256289.0625,57.66503906,,,,,,10.8,-1.52,4.78
2009-05,216300,342500,117306.25,40177.39063,1376075.629,471.3059029,34272,322600,346700,230100,282100,323700,420200,577000,221,48841,10793.861,238544.3281,52.71829651,,,,,,11,-0.19,4.91
2009-06,220600,337400,113838.76,38409.19762,1295926.328,437.245543,34063,319000,341100,225700,276800,318300,414900,571000,218,47524,10360.232,225853.0576,49.23596656,,,,,,11.2,0.13,5.42
2009-07,230500,334500,111890.25,37427.28863,1251942.805,418.7748681,34987,316900,337900,222300,273100,315000,412300,568000,216,46656,10077.696,217678.2336,47.01849846,,,,,,11.4,-0.02,5.25
2009-08,238900,333100,110955.61,36959.31369,1231114.739,410.0843196,34958,316000,336500,219700,270800,313400,411700,567200,215,46225,9938.375,213675.0625,45.94013844,,,,,,11.5,0.75,5.14
2009-09,245100,332600,110622.76,36793.12998,1223739.503,407.0157587,35336,315600,336200,217700,269300,312600,412100,567600,215,46225,9938.375,213675.0625,45.94013844,,,,,,11.7,0.55,5.04
2009-10,249200,332900,110822.41,36892.78029,1228160.656,408.8546823,35208,315500,336500,216400,268500,312500,413200,568800,215,46225,9938.375,213675.0625,45.94013844,,,,,,11.8,0.9,5.03
2009-11,255200,333500,111222.25,37092.62038,1237038.89,412.5524697,36275,315700,337200,215600,268200,312800,414400,570300,215,46225,9938.375,213675.0625,45.94013844,,,,,,11.9,1.03,4.78
2009-12,260600,334200,111689.64,37326.67769,1247457.568,416.9003193,37286,316200,337900,214900,267900,312900,415300,571600,215,46225,9938.375,213675.0625,45.94013844,,,,,,12.1,0.58,5.14
2010-01,263500,335000,112225,37595.375,1259445.063,421.9140959,37424,316900,338800,214700,266900,313300,416300,573100,215,46225,9938.375,213675.0625,45.94013844,,,,0.966355796,109,12.2,0.55,4.98
2010-02,264200,335400,112493.16,37730.20586,1265471.105,424.4390085,38221,317400,339300,215100,266900,314000,417000,574300,215,46225,9938.375,213675.0625,45.94013844,,,,0.962682531,115,12.2,1.42,5.05
2010-03,262800,335000,112225,37595.375,1259445.063,421.9140959,37305,316200,339000,213900,267200,313800,416700,573900,215,46225,9938.375,213675.0625,45.94013844,,,,0.966666667,107,12.3,1.39,4.99
2010-04,260700,335100,112292.01,37629.05255,1260949.551,422.5441945,36083,315200,339100,211800,266900,313700,416800,573800,216,46656,10077.696,217678.2336,47.01849846,,,,0.966101695,103,12.2,2.27,5.06
2010-05,263800,335800,112761.64,37865.35871,1271518.746,426.9759948,34630,315200,340100,210900,266400,314600,417800,574700,216,46656,10077.696,217678.2336,47.01849846,,,,0.968992248,89,12.2,1.97,4.78
2010-06,263900,335700,112694.49,37831.54029,1270004.808,426.3406139,33683,314600,340100,210400,265900,315200,417500,573900,216,46656,10077.696,217678.2336,47.01849846,,,,0.968085106,91,12.2,1.65,4.69
2010-07,267100,334200,111689.64,37326.67769,1247457.568,416.9003193,32259,312700,338800,208800,264400,314300,415600,570900,215,46225,9938.375,213675.0625,45.94013844,,,,0.966881529,85,12.2,1.3,4.54
2010-08,263800,332900,110822.41,36892.78029,1228160.656,408.8546823,30633,311100,337500,207100,263200,313100,413700,568100,214,45796,9800.344,209727.3616,44.88165538,,,,0.962566845,87,12.2,1.21,4.36
2010-09,266400,331100,109627.21,36297.56923,1201812.517,397.9201245,29871,309000,335600,205100,261900,311400,411300,565100,213,45369,9663.597,205834.6161,43.84277323,,,2017.77,0.956537552,94,12.2,1.36,4.32
2010-10,263400,329000,108241,35611.289,1171611.408,385.4601533,29757,306500,333500,202800,260200,309700,408700,561600,212,44944,9528.128,201996.3136,42.82321848,,,2028.57,0.952380952,97,12.3,1.37,4.23
2010-11,261100,326500,106602.25,34805.63463,1136403.971,371.0358964,30700,304200,331300,200500,258400,308000,405900,557600,211,44521,9393.931,198211.9441,41.82272021,1.48,,2020.09,0.947368421,100,12.3,1.71,4.4
2010-12,258200,323900,104911.21,33980.74092,1100636.198,356.4960647,32135,301500,328800,198300,256400,305900,402900,553600,209,43681,9129.329,190802.9761,39.877822,1.3,,2013.85,0.942285041,103,12.2,2.47,4.86
2011-01,255600,321000,103041,33076.161,1061744.768,340.8200706,34867,298300,325900,195600,254200,303200,399400,549000,208,43264,8998.912,187177.3696,38.93289288,1.11,,1997.39,0.941176471,110,12.1,2.62,4.8
2011-02,255500,318700,101569.69,32370.2602,1031640.193,328.7837294,36505,295600,323600,193400,252300,301100,396800,545000,206,42436,8741.816,180081.4096,37.09677038,1.02,,1982.47,0.936675462,114,12,2.75,4.95
2011-03,251700,316800,100362.24,31794.75763,1007257.922,319.0993096,36729,293500,321700,192100,250500,299500,395000,542200,205,42025,8615.125,176610.0625,36.20506281,0.74,,1970.63,0.941422594,108,11.9,2.46,4.86
2011-04,250400,314900,99162.01,31226.11695,983310.4227,309.6444521,34974,291000,319900,190400,248600,297900,392800,539800,204,41616,8489.664,173189.1456,35.3305857,0.56,,1963.21,0.945454545,93,11.8,2.58,4.78
2011-05,246000,313000,97969,30664.297,959792.4961,300.4150513,32918,288300,317900,188100,246700,296000,390300,537300,203,41209,8365.427,169818.1681,34.47308812,0.37,,1961.11,0.949328349,92,11.8,2.1,4.6
2011-06,244600,311200,96845.44,30138.30093,937903.9249,291.8757014,31560,285800,316200,185900,245000,294200,388200,535200,202,40804,8242.408,166496.6416,33.6323216,0.09,,1963.27,0.951359084,95,11.8,1.08,4.51
2011-07,243700,309200,95604.64,29560.95469,914024.719,282.6164431,30835,283500,314500,184100,243500,292200,386400,533100,201,40401,8120.601,163224.0801,32.8080401,0.19,,1971.39,0.951156812,97,11.8,1.51,4.55
2011-08,244700,307200,94371.84,28991.02925,890604.4185,273.5936774,31508,281000,312700,182800,241900,290400,384500,531000,199,39601,7880.599,156823.9201,31.2079601,0.28,,1978.44,0.951020408,97,11.7,2.58,4.22
2011-09,245700,305300,93208.09,28456.42988,868774.8041,265.2369477,31695,278400,310500,181400,240000,288500,382000,528400,198,39204,7762.392,153695.3616,30.4316816,0.46,,1984.15,0.950001583,97,11.6,2.97,4.01
2011-10,244500,303600,92172.96,27983.71066,849585.4555,257.9341443,31762,276300,308600,179600,238300,286600,379800,526400,197,38809,7645.373,150613.8481,29.67092808,0.65,,1985.26,0.948961272,102,11.5,2.84,4.1
2011-11,245100,302300,91385.29,27625.77317,835127.1228,252.4589292,32113,274900,307400,178100,237200,285400,378500,525500,196,38416,7529.536,147578.9056,28.9254655,0.83,,1982.07,0.948509485,102,11.3,3.26,3.98
2011-12,244000,301500,90902.25,27407.02838,826321.9055,249.1360545,33063,273600,306800,177200,236600,284800,377600,524700,196,38416,7529.536,147578.9056,28.9254655,0.93,,1976.56,0.9475,105,11.2,3.13,3.95
2012-01,246700,300900,90540.81,27243.72973,819763.8275,246.6669357,35726,272300,306200,176400,236100,284200,376800,523400,196,38416,7529.536,147578.9056,28.9254655,1.2,,1970.1,0.948275862,110,11,3.66,3.98
2012-02,247700,300900,90540.81,27243.72973,819763.8275,246.6669357,38098,271800,306200,175700,235700,284200,376800,524000,196,38416,7529.536,147578.9056,28.9254655,1.39,,1967.49,0.950950951,109,10.9,3.1,3.95
2012-03,250400,301900,91143.61,27516.25586,830715.7644,250.7930893,38452,272400,307600,175400,236100,285200,378300,527000,196,38416,7529.536,147578.9056,28.9254655,1.57,,1964.63,0.957820738,104,10.8,2.93,3.99
2012-04,255400,303900,92355.21,28066.74832,852948.4814,259.2110435,36880,273600,309700,175900,237400,287000,380600,531000,198,39204,7762.392,153695.3616,30.4316816,1.67,,1964.46,0.965900776,89,10.7,2.51,3.88
2012-05,259400,306200,93758.44,28708.83433,879064.5071,269.1695521,35192,275000,312100,176800,239300,289000,383200,535500,199,39601,7880.599,156823.9201,31.2079601,1.76,,1967.4,0.975308642,85,10.6,2.64,3.75
2012-06,264700,308500,95172.25,29360.63913,905775.717,279.4318087,34098,276500,314500,177600,241000,291000,385900,540200,200,40000,8000,160000,32,1.85,,1972.91,0.979274611,83,10.5,2.76,3.66
2012-07,270800,310700,96534.49,29993.26604,931890.776,289.5384641,33961,278400,317000,178800,242800,293100,388800,545600,202,40804,8242.408,166496.6416,33.6323216,1.94,,1977.56,0.98245614,83,10.4,2.95,3.49
2012-08,278400,312900,97906.41,30634.91569,958566.5119,299.9354616,33756,280300,319100,180100,244300,295300,391600,550600,203,41209,8365.427,169818.1681,34.47308812,2.04,,1983.8,0.984541157,84,10.2,3.41,3.59
2012-09,287100,315600,99603.36,31434.82042,992082.9323,313.1013734,32937,282600,321700,181800,246300,298000,394800,555200,205,42025,8615.125,176610.0625,36.20506281,2.13,,1989.66,0.984693878,84,10,3.85,3.4
2012-10,291600,318800,101633.44,32400.74067,1032935.613,329.2998733,33875,285400,325200,184200,249000,301200,398800,560500,207,42849,8869.743,183603.6801,38.00596178,2.22,,1992.76,0.987101869,83,9.9,3.22,3.41
2012-11,298800,322800,104199.84,33635.70835,1085760.666,350.4835429,34663,288900,329300,186900,252000,305100,403500,566800,209,43681,9129.329,190802.9761,39.877822,2.31,,1993.84,0.989847716,82,9.8,2.99,3.32
2012-12,306000,326900,106863.61,34933.71411,1141983.114,373.31428,37208,292600,333400,189200,255200,309100,408500,573300,212,44944,9528.128,201996.3136,42.82321848,2.41,,1993.77,0.990675991,86,9.7,2.87,3.35
2013-01,309700,330700,109362.49,36166.17544,1196015.422,395.5223,38871,296200,337200,191900,258300,312800,413200,579500,215,46225,9938.375,213675.0625,45.94013844,2.5,105164,1996.3,0.996245307,91,9.6,2.69,3.53
2013-02,311200,335200,112359.04,37662.75021,1262455.387,423.1750457,40168,300400,341800,195500,262100,317100,418600,586200,217,47089,10218.313,221737.3921,48.11701409,3.8,103149,1999.01,1,86,9.4,3.21,3.51
2013-03,314500,341500,116622.25,39826.49838,1360074.92,464.465585,39657,306500,348100,200300,267200,322900,425900,595100,221,48841,10793.861,238544.3281,52.71829651,5.65,99087,2007.47,1,70,9.3,2.89,3.57
2013-04,324200,348600,121521.96,42362.55526,1476758.676,514.7980745,38326,313800,355300,206100,273100,329600,434200,605700,226,51076,11543.176,260875.7776,58.95792574,7.22,97018,2017.56,1,64,9.2,2.92,3.4
2013-05,335300,355800,126593.64,45042.01711,1602594.969,570.2032899,37266,321400,362500,212200,279200,336200,442600,616200,231,53361,12326.391,284739.6321,65.77485502,7.78,96902,2029.16,1.000203745,62,9.1,2.5,3.81
2013-06,344800,363300,131986.89,47950.83714,1742053.913,632.8881867,36076,329100,369900,218400,285800,343400,451200,626700,236,55696,13144.256,310204.4416,73.20824822,8.24,95287,2039.74,1.000306379,62,9,2.63,4.46
2013-07,352800,370400,137196.16,50817.45766,1882278.632,697.1960052,36414,336300,377000,224400,292100,350300,459100,636000,241,58081,13997.521,337340.2561,81.29900172,8.52,93446,2049.44,1.000128222,61,8.9,2.35,4.31
2013-08,357200,376300,141601.69,53284.71595,2005103.861,754.5205829,36166,342400,382900,230000,297700,355900,465200,643500,245,60025,14706.125,360300.0625,88.27351531,8.7,92706,2060.57,1,60,8.8,2.74,4.51
2013-09,358400,381000,145161,55306.341,2107171.592,802.8323766,36427,347800,387600,235200,302600,360500,470100,649700,248,61504,15252.992,378274.2016,93.812002,8.61,95171,2073.93,1,61,8.7,2.84,4.32
2013-10,359400,384600,147917.16,56888.93974,2187948.622,841.4850401,35832,352200,391500,239700,306600,364200,474000,654300,250,62500,15625,390625,97.65625,8.33,99334,2086.33,0.991649269,64,8.6,2.37,4.1
2013-11,360900,387700,150311.29,58275.68713,2259348.39,875.9493709,34982,355500,394600,243100,309900,367000,476900,657400,252,63504,16003.008,403275.8016,101.625502,8.06,100648,2089.3,0.984501129,67,8.4,2.96,4.29
2013-12,363700,390700,152646.49,59638.98364,2330095.091,910.368152,35132,358600,397600,246200,313000,369800,480000,661000,254,64516,16387.064,416231.4256,105.7227821,8.15,102253,2090.07,0.979591837,72,8.3,2.81,4.48
2014-01,364400,393800,155078.44,61069.88967,2404932.255,947.0623221,35843,361800,400800,249300,315900,372700,483200,664800,256,65536,16777.216,429496.7296,109.9511628,7.87,104547,2088.72,0.976190476,81,8.2,2.98,4.32
2014-02,366800,396900,157529.61,62523.50221,2481557.803,984.9302919,36774,364900,403900,252000,318700,375300,486200,668600,258,66564,17173.512,443076.6096,114.3137653,7.59,104720,,0.981447124,77,8,3,4.37
2014-03,367000,400100,160080.01,64048.012,2562560.96,1025.28064,36189,367600,406800,254600,321700,378000,489100,672300,260,67600,17576,456976,118.81376,7.41,106847,2085.76,0.986024845,62,7.9,2.93,4.4
2014-04,369300,402900,162328.41,65402.11639,2635051.269,1061.662156,35594,370100,409500,257300,324900,380700,492000,675600,262,68644,17984.728,471199.8736,123.4543669,7.04,109575,2083.87,0.98873592,61,7.8,2.44,4.33
2014-05,372000,405200,164187.04,66528.58861,2695738.41,1092.313204,34754,372400,412000,259600,327500,383100,494700,677800,263,69169,18191.447,478435.0561,125.8284198,6.57,109091,2089.22,0.989473684,61,7.7,2.61,4.12
2014-06,373200,407200,165811.84,67518.58125,2749356.628,1119.538019,34872,374500,414000,261600,329500,385300,497200,679700,265,70225,18609.625,493155.0625,130.6860916,5,111204,2099.03,0.988764045,62,7.5,3.25,4.14
2014-07,375900,409300,167526.49,68568.59236,2806512.485,1148.70556,34826,376300,415900,263400,331400,387500,499500,681500,266,70756,18821.096,500641.1536,133.1705469,3.98,113861,2125.89,0.98630137,63,7.4,3,4.12
2014-08,377700,411100,169003.21,69477.21963,2856208.499,1174.187314,34565,377800,417700,265000,332900,389300,501500,683300,267,71289,19034.163,508212.1521,135.6926446,3.33,112344,2154.43,0.981804387,65,7.3,2.74,4.1
2014-09,381000,412900,170486.41,70393.83869,2906561.599,1200.119284,35139,379500,419800,266700,334300,391200,503700,685600,269,72361,19465.109,523611.4321,140.8514752,3.06,112843,2180.31,0.977747808,68,7.2,2.78,4.2
2014-10,381800,414900,172142.01,71421.71995,2963287.161,1229.467843,35407,381400,421700,268600,336200,393300,506500,688400,270,72900,19683,531441,143.48907,2.78,114898,2201.82,0.975057913,71,7.1,2.89,3.98
2014-11,381200,416800,173722.24,72407.42963,3017941.667,1257.878087,34894,383100,423300,270600,337800,395300,508800,691200,272,73984,20123.648,547363.2256,148.8827974,2.87,114687,2218.17,0.972778223,72,7,2.87,3.97
2014-12,381500,418800,175393.44,73454.77267,3076285.88,1288.348526,35253,384700,425100,272900,339600,397100,511100,694000,274,75076,20570.824,563640.5776,154.4375183,3.15,113351,2229.6,0.970242561,79,6.9,2.68,3.87
2015-01,382600,421400,177577.96,74831.35234,3153393.188,1328.839889,35360,387000,427700,275500,342200,399800,514200,697600,275,75625,20796.875,571914.0625,157.2763672,3.7,110992,2240.79,0.96875,89,6.8,2.75,3.66
2015-02,387400,424300,180030.49,76386.93691,3241097.733,1375.197768,37066,389600,430600,278200,345100,403000,518000,702100,277,76729,21253.933,588733.9441,163.0793025,3.61,108741,2248.43,0.975487744,88,6.7,2.76,3.8
2015-03,390400,426800,182158.24,77745.13683,3318162.44,1416.191729,37376,392300,433000,280600,347500,405700,521200,706300,278,77284,21484.952,597281.6656,166.044303,3.43,109335,2259.62,0.983435775,66,6.6,2.93,3.69
2015-04,395100,429300,184298.49,79119.34176,3396593.342,1458.157522,37954,395000,435300,282800,349900,408400,524200,710400,280,78400,21952,614656,172.10368,3.52,109789,2273.68,0.988467875,62,6.5,2.76,3.68
2015-05,394500,431700,186364.89,80453.72301,3473187.222,1499.374924,37816,397400,437800,285100,352600,411300,527300,714500,283,80089,22665.187,641424.7921,181.5232162,4.17,106648,2291.09,0.992063492,61,6.4,2.88,3.87
2015-06,396900,434300,188616.49,81916.14161,3557618.03,1545.07351,38690,399800,440300,287800,355100,414100,530500,718400,285,81225,23149.125,659750.0625,188.0287678,5.46,106802,2308.78,0.992421813,61,6.2,3.32,4.02
2015-07,397100,436600,190619.56,83224.4999,3633581.665,1586.421755,39526,402000,442600,290000,357400,416500,533100,721200,286,81796,23393.656,669058.5616,191.3507486,5.93,108705,2325.02,0.990333919,63,6.1,3.32,3.98
2015-08,400000,438900,192633.21,84546.71587,3710755.359,1628.650527,39444,404400,445000,291800,359900,419000,535500,724100,287,82369,23639.903,678465.2161,194.719517,6.39,108679,2339.86,0.988505747,63,6,2.92,3.84
2015-09,400000,441700,195098.89,86175.17971,3806357.688,1681.268191,39376,407100,447800,293900,362600,421600,538700,728100,289,83521,24137.569,697575.7441,201.59939,6.67,108571,2349.93,0.986666667,65,5.9,2.47,3.86
2015-10,400400,444300,197402.49,87705.92631,3896774.306,1731.336824,38066,409500,450400,296200,365100,423800,541700,731600,291,84681,24642.171,717087.1761,208.6723682,6.85,105354,2359.42,0.983112183,69,5.8,2.62,3.76
2015-11,401900,446800,199630.24,89194.79123,3985223.272,1780.597758,36974,411900,453100,298900,367600,426100,544400,734800,292,85264,24897.088,726994.9696,212.2825311,6.76,103979,2364.69,0.980584428,73,5.7,2.66,3.95
2015-12,406800,449600,202140.16,90882.21594,4086064.428,1837.094567,37260,414800,456100,302200,370600,428900,547600,738500,295,87025,25672.375,757335.0625,223.4138434,6.48,103736,2369.86,0.979241231,78,5.7,2,4.01
2016-01,411400,452700,204937.29,92775.11118,4199929.283,1901.307987,37883,417800,459200,305200,373900,431900,551200,742800,297,88209,26198.073,778082.7681,231.0905821,5.74,100460,2373.54,0.977653631,87,5.7,1.46,3.79
2016-02,411100,455000,207025,94196.375,4285935.063,1950.100453,40126,419800,461600,307400,376300,434000,553700,745500,299,89401,26730.899,799253.8801,238.9769101,4.63,101277,2375.77,0.982300885,86,5.6,2.37,3.62
2016-03,408800,457100,208940.41,95506.66141,4365609.493,1995.520099,39596,421600,463800,309900,378300,436000,556000,747700,300,90000,27000,810000,243,4.26,104257,2376.68,0.988888889,64,5.6,2.09,3.71
2016-04,409300,459300,210956.49,96892.31586,4450264.067,2044.006286,39168,423600,466200,312600,380300,437900,558700,750100,301,90601,27270.901,820854.1201,247.0770902,4.35,102992,2383.53,0.993574174,61,5.5,2.56,3.66
2016-05,412900,461500,212982.25,98291.30838,4536143.882,2093.430401,38248,425400,468700,314900,382300,439800,561100,752500,302,91204,27543.608,831816.9616,251.2087224,4.72,104299,2394.54,0.997312631,61,5.5,2,3.64
2016-06,415100,463600,214924.96,99639.21146,4619273.843,2141.495354,38649,427100,471100,317000,384400,441300,562900,754200,303,91809,27818.127,842889.2481,255.3954422,5.37,108436,2406.93,0.996,62,5.5,1.54,3.48
2016-07,415800,466400,217528.96,101455.5069,4731884.844,2206.951091,38353,429400,474200,319600,387000,443400,565700,757100,305,93025,28372.625,865365.0625,263.9363441,5.09,109412,2417.7,0.993197279,64,5.5,1.73,3.48
2016-08,417500,469600,220524.16,103558.1455,4863090.514,2283.707306,38987,431800,477700,322400,390300,446300,569300,760900,307,94249,28934.443,888287.4001,272.7042318,4.81,109036,2431.59,0.989189189,65,5.4,2.23,3.43
2016-09,420700,473000,223729,105823.817,5005466.544,2367.585675,39054,434100,481300,325000,393600,449500,573000,764700,310,96100,29791,923521,286.29151,5.19,105436,2442.45,0.98591827,68,5.4,2.14,3.42
2016-10,421500,476700,227242.89,108326.6857,5163933.106,2461.646911,39524,436700,485100,327600,397000,452600,576800,768500,312,97344,30371.328,947585.4336,295.6466553,5.83,101872,2447.98,0.984182777,71,5.4,1.61,3.47
2016-11,421500,480300,230688.09,110799.4896,5321699.487,2556.012264,40463,439600,488700,330400,400400,455800,580700,772200,314,98596,30959.144,972117.1216,305.2447762,6.02,101164,2449.14,0.982490489,72,5.4,1.62,4.03
2016-12,420100,483400,233675.56,112958.7657,5460426.734,2639.570283,40716,442300,491900,332900,403600,459100,584200,775900,316,99856,31554.496,997122.0736,315.0905753,6.11,98105,2447.45,0.979807247,76,5.3,2.31,4.32
2017-01,421700,487100,237266.41,115572.4683,5629534.931,2742.146465,42335,445200,495600,335600,406900,462600,587900,780600,319,101761,32461.759,1035530.112,330.3341058,6.3,95455,2440.7,0.979994201,84,5.2,2.34,4.19
2017-02,421600,490800,240884.64,118226.1813,5802540.979,2847.887112,41969,448300,499500,338100,410100,465700,591600,785400,321,103041,33076.161,1061744.768,340.8200706,6.94,96871,2435.25,0.98478783,80,5.1,2.66,4.16
2017-03,425700,493700,243739.69,120334.285,5940903.648,2933.024131,42351,450800,502800,339700,412600,468500,594700,789300,323,104329,33698.267,1088454.024,351.5706498,7.31,96575,2433.78,0.992141454,60,5,2.66,4.14
2017-04,427200,496500,246512.25,122393.3321,6076828.94,3017.145569,40256,452800,505700,341200,414700,471300,597600,792300,324,104976,34012.224,1101996.058,357.0467227,7.5,93760,2439.67,1,55,5,2.15,4.03
2017-05,432000,499600,249600.16,124700.2399,6230023.987,3112.519984,40185,455100,508800,343100,417200,474400,600900,795000,326,106276,34645.976,1129458.818,368.2035745,7.96,92468,2448.7,1,54,4.9,2.25,3.95
2017-06,435700,502900,252908.41,127187.6394,6396266.385,3216.682365,40556,457600,511900,345100,419800,477400,604000,798200,328,107584,35287.552,1157431.706,379.6375994,8.8,88652,2459.56,1,54,4.8,2.53,3.88
2017-07,438400,506000,256036,129554.216,6555443.33,3317.054325,40955,460100,514900,347100,422300,479900,606800,801500,330,108900,35937,1185921,391.35393,8.98,85422,2470.11,1,55,4.7,2.59,3.92
2017-08,440200,508900,258979.21,131794.52,6707023.121,3413.204066,41337,463300,517900,349500,425200,482600,609800,804600,332,110224,36594.368,1214933.018,403.3577618,9.07,86279,2475.03,0.997935306,57,4.7,1.84,3.82
2017-09,442300,511900,262041.61,134139.1002,6866580.537,3515.002577,40454,466500,520800,352300,428200,485800,612900,807800,333,110889,36926.037,1229637.032,409.4691317,9.17,84899,2473.16,0.992222222,59,4.6,2.13,3.83
2017-10,449200,515100,265328.01,136670.458,7039895.289,3626.250063,40846,469300,524000,355400,430900,488900,615800,811600,335,112225,37595.375,1259445.063,421.9140959,9.26,83625,2471.1,0.990909091,60,4.5,2.34,3.94
2017-11,457800,518400,268738.56,139314.0695,7222041.363,3743.906243,40442,472200,527100,358400,433600,491600,618600,815300,337,113569,38272.753,1289791.776,434.6598285,9.44,84766,2466.96,0.99,60,4.5,1.84,3.9
2017-12,462700,521500,271962.25,141828.3134,7396346.543,3857.194722,39631,475300,530100,361100,436300,494200,621600,818800,339,114921,38958.219,1320683.624,447.7117486,9.54,85901,2467.7,0.986802814,64,4.4,2.37,3.99
2018-01,467600,526200,276886.44,145697.6447,7666610.066,4034.170217,40073,480400,534700,365200,440700,498600,626600,825100,341,116281,39651.821,1352127.096,461.0753398,9.63,88357,2462.3,0.986385107,72,4.4,2.17,4.15
2018-02,472500,531800,282811.24,150399.0174,7998219.747,4253.453261,40132,486300,540300,369900,445900,504100,632200,832700,345,119025,41063.625,1416695.063,488.7597966,9.72,89785,2461.77,0.993006993,62,4.3,2.32,4.4
2018-03,478700,535300,286546.09,153388.122,8210866.169,4395.27666,40763,489800,543800,372800,449500,507700,635200,836900,347,120409,41781.923,1449832.728,503.0919567,9.91,89531,2465.82,1,50,4.3,1.63,4.44
2018-04,480900,536500,287832.25,154422.0021,8284740.414,4444.763232,39909,491200,544800,374600,450900,508900,636000,837900,348,121104,42144.192,1466617.882,510.3830228,10,92211,2472.23,1,50,4.3,1.32,4.58
2018-05,481900,538200,289659.24,155894.603,8390247.532,4515.631222,39439,493200,546300,377000,452300,510300,637300,840000,348,121104,42144.192,1466617.882,510.3830228,9.81,96022,2478.17,1,50,4.2,1.71,4.56
2018-06,482200,540100,291708.01,157551.4962,8509356.31,4595.903343,38816,495200,548300,379100,454000,511900,638800,842500,350,122500,42875,1500625,525.21875,9.35,95968,2487.15,1,52,4.2,1.54,4.55
2018-07,483400,541900,293655.61,159131.9751,8623361.728,4672.999721,38617,497000,550100,380900,455800,513900,640400,844800,351,123201,43243.551,1517848.64,532.7648727,8.89,96922,2491.54,0.99713877,55,4.1,1.7,4.54
2018-08,483800,543800,295718.44,160811.6877,8744939.576,4755.498141,38097,499300,551900,382700,457700,515500,642200,847000,353,124609,43986.977,1552740.288,548.1173217,8.43,101342,2494.11,0.989997959,56,4.1,1.48,4.52
2018-09,484000,545600,297679.36,162413.8588,8861300.137,4834.725355,36230,501600,553600,384200,459500,517200,643900,848800,354,125316,44361.864,1570409.986,555.9251349,7.69,105286,2498.78,0.984427141,60,4.1,1.27,4.72
2018-10,486400,547100,299318.41,163757.1021,8959151.056,4901.551543,35837,503200,555300,385600,461200,519100,645400,850100,354,125316,44361.864,1570409.986,555.9251349,7.13,107212,2501.26,0.979793177,63,4.1,1.24,4.86
2018-11,486900,548500,300852.25,165017.4591,9051207.633,4964.587387,34928,504100,556700,386400,462300,520800,646600,851600,355,126025,44738.875,1588230.063,563.8216722,6.2,105977,2502.38,0.974937343,66,4.1,1.17,4.81
2018-12,485700,549300,301730.49,165740.5582,9104128.86,5000.897983,34708,504700,557600,386800,462800,521800,647400,852800,356,126736,45118.016,1606201.37,571.8076876,5.56,106294,2501.98,0.970149254,73,4.1,1.18,4.55
2019-01,484000,550300,302830.09,166647.3985,9170606.341,5046.584669,34959,505600,558800,387600,463700,522900,648500,853800,357,127449,45499.293,1624324.76,579.8839394,4.91,108112,2509.31,0.968624974,83,4.2,0.68,4.46
2019-02,486700,551400,304041.96,167648.7367,9244151.344,5097.225051,36363,506000,560000,388600,464600,524200,649700,854700,357,127449,45499.293,1624324.76,579.8839394,4.07,106382,2511.33,0.975384615,82,4.2,0.94,4.35
2019-03,489200,551400,304041.96,167648.7367,9244151.344,5097.225051,37509,505700,560200,388900,464900,524300,649300,853600,358,128164,45882.712,1642601.09,588.0511901,2.96,103882,2509.47,0.981554677,62,4.3,0.79,4.06
2019-04,492900,550600,303160.36,166920.0942,9190620.388,5060.355585,37247,505000,559800,388800,465000,523600,648000,850900,357,127449,45499.293,1624324.76,579.8839394,2.59,104316,2508.44,0.986206897,58,4.3,1.22,4.2
2019-05,492500,550200,302720.04,166556.566,9163942.262,5042.001032,37039,504000,559700,388200,465300,523500,647200,848900,357,127449,45499.293,1624324.76,579.8839394,2.69,104483,2514.14,0.99047619,56,4.2,1.88,3.99
2019-06,495100,549600,302060.16,166012.2639,9124034.026,5014.569101,36542,502200,559000,386900,464600,523200,646800,847700,357,127449,45499.293,1624324.76,579.8839394,3.24,102844,2522.37,0.989761092,57,4.2,1.87,3.73
2019-07,495100,549200,301620.64,165650.0555,9097501.047,4996.347575,37072,500700,558600,385700,464100,523200,646600,846700,356,126736,45118.016,1606201.37,571.8076876,3.89,100621,2530.76,0.987841945,60,4.1,2,3.75
2019-08,495500,549600,302060.16,166012.2639,9124034.026,5014.569101,36430,500500,559300,385500,464500,523900,647100,846900,357,127449,45499.293,1624324.76,579.8839394,4.44,96819,2538.02,0.98511502,62,4.1,1.69,3.58
2019-09,502600,550800,303380.64,167102.0565,9203981.273,5069.552885,35985,501000,560600,386000,465400,525100,648200,848500,358,128164,45882.712,1642601.09,588.0511901,4.54,95157,2543.39,0.983000983,64,4,1.86,3.64
